player,team,total_shots,total_goals,total_passes,completed_passes,dribbles,interceptions
Aaron Mooy,Australia,1,0,219,628,5,3
Aaron Ramsey,Wales,1,0,110,433,9,1
Abdelhamid Sabiri,Morocco,4,1,58,230,1,5
Abdelkarim Hassan Al Haj Fadlalla,Qatar,6,0,158,491,3,3
Abdou Diallo,Senegal,1,0,183,492,0,1
Abdul Rahman Baba,Ghana,0,0,103,302,5,1
Abdulaziz Hatem Mohammed Abdullah,Qatar,1,0,91,287,1,2
Abdulelah Al Amri,Saudi Arabia,1,0,101,285,0,4
Abdulelah Saad Hameed Al-Malki,Saudi Arabia,2,0,86,286,0,3
Abolfazl Jalali,Iran,0,0,29,81,2,0
Achraf Dari,Morocco,1,1,107,325,0,3
Achraf Hakimi Mouh,Morocco,5,1,380,1194,8,11
Adrien Rabiot,France,9,1,285,949,3,10
Ahmad Nourollahi,Iran,5,0,55,233,4,5
Ajdin Hrustic,Australia,1,0,23,128,4,0
Akram Hassan Afif,Qatar,2,0,166,549,7,0
Alejandro Balde Martínez,Spain,1,0,119,381,0,2
Alejandro Darío Gómez,Argentina,2,0,58,224,3,2
Aleksandar Mitrović,Serbia,10,2,67,325,1,0
Alex Nicolao Telles,Brazil,0,0,44,114,0,1
Alex Sandro Lobo Silva,Brazil,1,0,169,480,2,4
Alexander Djiku,Ghana,0,0,27,90,1,4
Alexander Hartmann Bah,Denmark,2,0,50,152,2,0
Alexis Mac Allister,Argentina,7,1,271,1011,6,4
Ali Abdi,Tunisia,0,0,109,323,3,5
Ali Albulayhi,Saudi Arabia,0,0,89,248,0,2
Ali Assadalla Thaimn Qambar,Qatar,0,0,23,70,1,0
Ali Gholizadeh,Iran,1,0,73,251,7,5
Ali Karimi,Iran,0,0,45,160,0,1
Ali Maâloul,Tunisia,0,0,61,129,0,2
Alidu Seidu,Ghana,1,0,75,267,5,0
Alireza Jahanbakhsh,Iran,3,0,16,88,2,1
Alireza Safar Beiranvand,Iran,0,0,31,69,0,0
Alisson Ramsés Becker,Brazil,0,0,94,234,0,0
Alistair Johnston,Canada,2,0,187,507,0,2
Almoez Ali Zainalabiddin Abdulla,Qatar,3,0,46,268,4,0
Alphonso Davies,Canada,4,1,114,453,22,5
Amadou Onana,Belgium,2,0,63,226,1,0
Andreas Christensen,Denmark,2,1,250,741,1,6
Andreas Evald Cornelius,Denmark,5,0,32,156,1,0
Andreas Skov Olsen,Denmark,4,0,62,229,1,1
Andrej Kramarić,Croatia,10,2,173,664,7,0
Andries Noppert,Netherlands,0,0,191,468,0,0
Andrija Živković,Serbia,1,0,99,313,1,4
André Ayew Pelé,Ghana,2,1,37,223,2,0
André Onana,Cameroon,0,0,60,132,0,0
André-Frank Zambo Anguissa,Cameroon,1,0,134,461,3,6
Angelo Smit Preciado Quiñónez,Ecuador,4,0,129,386,1,5
Anis Ben Slimane,Tunisia,1,0,49,209,1,1
Anssumane Fati,Spain,0,0,28,102,2,0
Anthony Daniel Contreras Enríquez,Costa Rica,0,0,25,141,1,1
Antoine Griezmann,France,6,0,323,1021,8,11
Antonee Robinson,United States,0,0,240,697,7,8
Antonio Rüdiger,Germany,6,0,247,697,0,0
Antony Matheus dos Santos,Brazil,6,0,113,425,15,3
António João Pereira Albuquerque Tavares Silva,Portugal,0,0,58,172,0,1
Ao Tanaka,Japan,1,1,68,223,0,4
Arkadiusz Milik,Poland,1,0,33,134,1,0
Assim Omer Al Haj Madibo,Qatar,0,0,71,255,0,3
Atiba Hutchinson,Canada,2,0,112,337,1,4
Aurélien Djani Tchouaméni,France,7,1,470,1424,3,15
Axel Disasi,France,1,0,75,189,1,4
Axel Witsel,Belgium,1,0,176,547,0,3
Aymen Dahmen,Tunisia,0,0,77,172,0,0
Aymeric Laporte,Spain,1,0,429,1189,1,4
Aziz Eraltay Behich,Australia,2,0,204,569,10,6
Azzedine Ounahi,Morocco,6,0,267,992,12,11
Aïssa Bilal Laïdouni,Tunisia,2,0,119,427,4,6
Badr Banoun,Morocco,1,0,21,81,0,1
Bartosz Bereszyński,Poland,0,0,150,441,7,4
Bassam Hisham Al Rawi,Qatar,0,0,57,157,0,2
Ben Davies,Wales,3,0,160,422,3,2
Benjamin Pavard,France,0,0,88,228,1,1
Bernardo Mota Veiga de Carvalho e Silva,Portugal,1,0,292,897,5,2
Bilal El Khannous,Morocco,0,0,24,89,0,0
Borna Barišić,Croatia,1,0,67,188,0,1
Borna Sosa,Croatia,2,0,276,803,7,4
Boualem Khoukhi,Qatar,0,0,194,558,1,3
Boulaye Dia,Senegal,8,1,53,299,6,1
Brandon Aguilera Zamora,Costa Rica,0,0,35,152,3,0
Breel-Donald Embolo,Switzerland,6,2,66,373,4,1
Brenden Aaronson,United States,1,0,48,247,9,2
Brennan Johnson,Wales,3,0,18,109,5,0
Bruno Guimarães Rodriguez Moura,Brazil,5,0,55,186,2,0
Bruno Miguel Borges Fernandes,Portugal,8,2,231,753,6,1
Bruno Petković,Croatia,1,1,80,352,3,0
Bryan Mbeumo,Cameroon,2,0,81,295,7,1
Bryan Oviedo,Costa Rica,0,0,89,273,0,4
Bukayo Saka,England,7,3,111,458,5,2
Cameron Carter-Vickers,United States,0,0,55,160,1,0
Carlos Alberto Rodríguez Gómez,Mexico,0,0,29,98,3,1
Carlos Henrique Casimiro,Brazil,10,2,258,761,2,6
Carlos Soler Barragán,Spain,5,1,84,252,2,0
Celso Borges Mora,Costa Rica,0,0,113,344,2,3
Chang-Hoon Kwon,South Korea,0,0,23,86,0,0
Cheikh Ahmadou Bamba Mbacke Dieng,Senegal,4,1,19,140,1,0
Cheikhou Kouyaté,Senegal,0,0,26,90,1,1
Chris Mepham,Wales,0,0,170,482,0,1
Christian Dannemann Eriksen,Denmark,4,0,231,675,6,3
Christian Pulisic,United States,9,1,139,549,13,0
Christopher Wooh,Cameroon,1,0,33,110,0,1
Chul Hong,South Korea,0,0,20,68,0,1
Cody Mathès Gakpo,Netherlands,5,3,154,596,13,9
Connor Roberts,Wales,0,0,119,330,1,2
Craig Goodwin,Australia,2,1,94,295,0,1
Cristian Gabriel Romero,Argentina,0,0,372,1078,2,9
Cristiano Ronaldo dos Santos Aveiro,Portugal,11,1,90,348,3,0
Cyle Larin,Canada,3,0,31,153,3,0
César Azpilicueta Tanco,Spain,0,0,179,506,2,2
César Jasib Montes Castro,Mexico,1,0,192,542,2,1
Daichi Kamada,Japan,6,0,104,445,7,1
Daley Blind,Netherlands,5,1,304,891,2,5
Damián Emiliano Martínez,Argentina,0,0,186,418,0,0
Daniel Alves da Silva,Brazil,3,0,99,281,1,0
Daniel Amartey,Ghana,0,0,140,436,1,2
Daniel Carvajal Ramos,Spain,0,0,135,342,1,1
Daniel James,Wales,0,0,34,161,2,1
Daniel Olmo Carvajal,Spain,12,1,196,763,18,3
Daniel Ward,Wales,0,0,39,100,0,0
Daniel-Kofi Kyereh,Ghana,0,0,24,94,2,0
Danilo Luiz da Silva,Brazil,2,0,267,713,1,1
Danilo Luís Hélio Pereira,Portugal,0,0,80,235,1,1
Darwin Gabriel Núñez Ribeiro,Uruguay,3,0,54,278,4,1
David Junior Hoilett,Canada,4,0,55,235,6,2
David Raum,Germany,0,0,193,532,3,6
Davy Klaassen,Netherlands,2,1,81,245,0,1
Dayotchanculle Upamecano,France,0,0,345,1030,1,13
DeAndre Yedlin,United States,0,0,30,69,0,0
Declan Rice,England,0,0,327,942,3,12
Dejan Lovren,Croatia,4,0,454,1284,0,7
Denis Lemi Zakaria Lako Lado,Switzerland,1,0,22,84,2,5
Denzel Dumfries,Netherlands,2,1,218,708,6,5
Devis Rogers Epassy Mboka,Cameroon,0,0,84,181,0,0
Diego Nicolás De La Cruz Arcosa,Uruguay,1,0,24,96,1,0
Diego Roberto Godín Leal,Uruguay,1,0,98,269,0,1
Diogo Meireles Costa,Portugal,0,0,159,366,0,0
Djibril Sow,Switzerland,2,0,97,361,1,2
Dominik Livaković,Croatia,0,0,228,564,0,0
Dries Mertens,Belgium,3,0,36,112,1,0
Dušan Tadić,Serbia,1,0,125,461,8,2
Dušan Vlahović,Serbia,3,1,13,73,1,0
Dylan Daniel Mahmoud Bronn,Tunisia,1,0,95,257,1,1
Eden Hazard,Belgium,1,0,59,230,8,1
Ederson Santana de Moraes,Brazil,0,0,30,79,0,0
Edimilson Fernandes,Switzerland,1,0,81,246,2,1
Edinson Roberto Cavani Gómez,Uruguay,3,0,39,139,1,1
Edouard Mendy,Senegal,0,0,117,272,0,0
Edson Omar Álvarez Velázquez,Mexico,1,0,109,319,1,4
Eduardo Camavinga,France,0,0,103,352,4,2
Ehsan Hajsafi,Iran,1,0,99,282,2,2
Ellyes Joris Skhiri,Tunisia,2,0,128,434,4,5
Enner Remberto Valencia Lastra,Ecuador,9,3,51,362,7,2
Enzo Ebosse,Cameroon,0,0,39,116,0,0
Enzo Fernandez,Argentina,9,1,470,1487,6,5
Eray Ervin Cömert,Switzerland,0,0,41,128,0,4
Eric Dier,England,0,0,42,118,0,0
Ernesto Alexis Vega Rojas,Mexico,9,0,54,274,3,3
Ethan Ampadu,Wales,1,0,144,417,4,5
Exequiel Alejandro Palacios,Argentina,1,0,28,115,0,2
Fabian Lukas Schär,Switzerland,2,0,80,222,0,3
Fabian Rieder,Switzerland,0,0,27,117,1,1
Facundo Pellistri Rebollo,Uruguay,1,0,45,235,6,1
Famara Diedhiou,Senegal,3,1,14,117,0,0
Federico Santiago Valverde Dipetta,Uruguay,7,0,186,547,3,5
Felix Eduardo Torres Caicedo,Ecuador,1,0,199,504,1,3
Ferjani Sassi,Tunisia,1,0,34,109,2,0
Ferrán Torres García,Spain,4,2,86,387,10,0
Filip Kostić,Serbia,1,0,112,316,1,1
Filip Mladenović,Serbia,1,0,24,80,2,0
Firas Tariq Nasser Al Albirakan,Saudi Arabia,2,0,69,306,5,2
Fran Karačić,Australia,3,0,55,143,1,1
Francisco Guillermo Ochoa Magaña,Mexico,0,0,108,248,0,0
Francisco Javier Calvo Quesada,Costa Rica,1,0,101,315,4,4
Frederico Rodrigues Santos,Brazil,3,0,80,285,1,1
Frenkie de Jong,Netherlands,2,1,364,1103,11,3
Fábio Henrique Tavares,Brazil,0,0,56,165,0,2
Gabriel Fernando de Jesus,Brazil,2,0,27,143,1,1
Gabriel Teodoro Martinelli Silva,Brazil,4,0,46,210,6,0
Gareth Frank Bale,Wales,2,1,55,224,3,1
Germán Alejandro Pezzella,Argentina,1,0,49,139,0,0
Gideon Mensah,Ghana,0,0,45,125,0,2
Giorgian Daniel De Arrascaeta Benedetti,Uruguay,3,2,51,192,2,0
Giovanni Reyna,United States,2,0,35,120,1,0
Gleison Bremer Silva Nascimento,Brazil,1,0,85,248,0,0
Gonzalo Ariel Montiel,Argentina,3,2,82,263,2,1
Gonzalo Jordy Plata Jiménez,Ecuador,2,0,104,426,10,3
Gonçalo Matias Ramos,Portugal,7,3,30,199,2,0
Granit Xhaka,Switzerland,6,0,240,716,1,4
Gregor Kobel,Switzerland,0,0,29,58,0,0
Grzegorz Krychowiak,Poland,1,0,127,422,1,7
Gue-Sung Cho,South Korea,8,2,60,346,3,1
Guido Rodríguez,Argentina,0,0,62,173,0,0
Guillermo Varela Olivera,Uruguay,0,0,91,243,2,1
Haji Wright,United States,7,1,27,177,0,0
Hakim Ziyech,Morocco,11,2,300,1126,30,14
Harry Kane,England,12,2,97,474,7,0
Harry Maguire,England,6,0,408,1137,3,5
Harry Souttar,Australia,1,0,163,476,0,3
Harry Wilson,Wales,2,0,62,205,0,1
Hassan Khalid Al Heidos,Qatar,1,0,77,327,6,1
Hassan Mohammed Al-Tambakti,Saudi Arabia,0,0,49,158,0,6
Hee-Chan Hwang,South Korea,6,1,57,277,9,1
Henry Josué Martín Mex,Mexico,4,1,22,140,0,2
Hernán Ismael Galíndez,Ecuador,0,0,77,146,0,0
Heung-Min Son,South Korea,9,0,122,481,9,1
Hidemasa Morita,Japan,3,0,161,520,3,3
Hiroki Ito,Japan,0,0,63,160,0,0
Hiroki Sakai,Japan,1,0,46,149,2,1
Hirving Rodrigo Lozano Bahena,Mexico,6,0,74,409,6,1
Homam Alamin Ahmed,Qatar,0,0,103,318,6,2
Hugo Lloris,France,0,0,182,370,0,0
Héctor Alfredo Moreno Herrera,Mexico,1,0,191,515,0,2
Héctor Miguel Herrera López,Mexico,0,0,75,239,2,2
Ibrahima Konaté,France,2,0,228,698,0,9
Idrissa Gana Gueye,Senegal,4,0,131,455,2,4
Iliman Ndiaye,Senegal,2,0,35,183,9,1
In-Beom Hwang,South Korea,6,0,247,761,4,3
Ismaeel Mohammad Mohammad,Qatar,2,0,67,230,1,3
Ismael Koné,Canada,0,0,102,312,1,0
Ismail Jakobs,Senegal,1,0,157,368,1,3
Ismaïla Sarr,Senegal,10,1,81,462,13,3
Issam Jebali,Tunisia,3,0,37,271,4,0
Ivan Ilić,Serbia,0,0,20,67,0,1
Ivan Perišić,Croatia,16,1,304,1032,17,11
Iñaki Williams Arthuer,Ghana,2,0,44,252,4,0
Jack Grealish,England,1,1,56,227,2,2
Jackson Gabriel Porozo Vernaza,Ecuador,1,0,42,136,0,5
Jackson Irvine,Australia,3,0,129,450,2,7
Jae-Sung Lee,South Korea,1,0,96,369,2,3
Jakub Kamiński,Poland,4,0,59,267,6,1
Jakub Piotr Kiwior,Poland,1,0,201,541,0,4
Jamal Musiala,Germany,11,0,117,578,33,3
Jan Vertonghen,Belgium,2,0,264,746,0,3
Jawad El Yamiq,Morocco,1,0,160,469,0,5
Jean-Charles Castelletto,Cameroon,1,1,78,250,1,6
Jean-Eric Maxim Choupo-Moting,Cameroon,3,1,69,268,6,1
Jeremy Leonel Sarmiento Morante,Ecuador,1,0,33,130,3,1
Jesper Lindstrøm,Denmark,3,0,54,291,13,5
Jesus Ferreira,United States,0,0,20,70,0,0
Jesús Daniel Gallardo Vasconcelos,Mexico,1,0,138,386,2,4
Jhegson Sebastián Méndez Carabalí,Ecuador,0,0,141,416,1,1
Jin-Su Kim,South Korea,3,0,141,395,2,7
Joachim Andersen,Denmark,4,0,245,688,1,4
Joakim Mæhle,Denmark,2,0,145,478,6,3
Joe Allen,Wales,2,0,36,122,0,1
Joe Rodon,Wales,0,0,162,475,0,3
Joel Nathaniel Campbell Samuels,Costa Rica,1,0,137,531,13,0
John Stones,England,4,0,450,1291,1,2
Jonas Hofmann,Germany,1,0,20,69,1,0
Jonathan David,Canada,8,0,59,258,4,0
Jonathan Osorio,Canada,1,0,60,233,3,0
Jordan Ayew,Ghana,1,0,44,223,7,1
Jordan Brian Henderson,England,2,1,166,513,2,1
Jordan Pickford,England,0,0,161,396,0,0
Jordan Veretout,France,0,0,35,115,0,0
Jordi Alba Ramos,Spain,2,0,371,1019,4,5
Jorge Eduardo Sánchez Ramos,Mexico,1,0,86,252,4,5
Jorge Resurrección Merodio,Spain,0,0,63,177,0,2
Joshua Kimmich,Germany,7,0,271,727,3,7
Joshua Sargent,United States,4,0,34,191,1,1
Josip Juranović,Croatia,1,0,406,1102,4,6
Josip Stanišić,Croatia,1,0,49,126,0,1
Josip Šutalo,Croatia,0,0,66,194,0,0
José Adoni Cifuentes Charcopa,Ecuador,1,0,43,138,1,0
José Diogo Dalot Teixeira,Portugal,1,0,142,400,4,3
José Martín Cáceres Silva,Uruguay,0,0,81,202,1,2
José María Giménez de Vargas,Uruguay,3,0,167,475,2,6
João Félix Sequeira,Portugal,11,1,122,489,9,1
João Maria Lobo Alves Palhinha Gonçalves,Portugal,1,0,30,110,3,1
João Mário Naval da Costa Eduardo,Portugal,0,0,40,152,3,1
João Pedro Cavaco Cancelo,Portugal,2,0,269,782,12,3
Joško Gvardiol,Croatia,2,1,510,1545,2,14
Juan Pablo Vargas Campos,Costa Rica,1,0,28,91,0,4
Jude Bellingham,England,5,1,275,937,11,4
Jules Koundé,France,4,0,308,839,4,3
Julián Álvarez,Argentina,11,4,124,627,4,2
Jun-Ho Son,South Korea,0,0,61,178,0,2
Junya Ito,Japan,2,0,98,367,6,5
Jurriën David Norman Timber,Netherlands,0,0,316,989,5,5
Kai Havertz,Germany,5,2,33,152,1,1
Kalidou Koulibaly,Senegal,1,1,196,571,1,6
Kamal Miller,Canada,0,0,199,589,2,8
Kamaldeen Sulemana,Ghana,1,0,20,94,4,0
Kamil Glik,Poland,3,0,130,405,0,4
Kang-In Lee,South Korea,5,0,77,262,1,0
Kaoru Mitoma,Japan,2,0,73,272,4,2
Karim Boudiaf,Qatar,0,0,107,344,2,0
Karl Brillant Toko Ekambi,Cameroon,2,0,52,216,2,2
Kasper Dolberg,Denmark,4,0,18,145,4,0
Kasper Schmeichel,Denmark,0,0,87,235,0,0
Keanu Baccus,Australia,1,0,40,178,1,2
Kendall Jamaal Waston Manley,Costa Rica,1,0,77,233,0,5
Kevin De Bruyne,Belgium,7,0,140,427,7,1
Kevin Nahin Álvarez Campos,Mexico,0,0,24,81,2,4
Keylor Navas Gamboa,Costa Rica,0,0,101,217,0,0
Keysher Fuller Spence,Costa Rica,3,1,61,247,2,5
Kieffer Roberto Francisco Moore,Wales,6,0,60,340,0,1
Kieran Trippier,England,1,0,195,484,1,1
Kingsley Coman,France,2,0,70,334,12,3
Kléper Laveran Lima Ferreira,Portugal,3,1,295,823,1,3
Ko Itakura,Japan,3,0,111,365,3,4
Krystian Bielik,Poland,2,0,98,352,4,5
Krépin Diatta,Senegal,3,0,76,326,5,1
Kye Rowles,Australia,0,0,195,529,0,5
Kyle Walker,England,0,0,177,493,3,7
Kylian Mbappé Lottin,France,32,9,233,1057,50,1
Kyung-Won Kwon,South Korea,1,0,43,125,0,3
Lautaro Javier Martínez,Argentina,15,1,63,326,8,1
Lawrence Ati-Zigi,Ghana,0,0,76,160,0,0
Leander Dendoncker,Belgium,1,0,119,367,1,2
Leandro Daniel Paredes,Argentina,3,2,240,725,0,3
Leandro Trossard,Belgium,0,0,57,213,4,0
Leon Goretzka,Germany,4,0,59,196,1,2
Leroy Sané,Germany,3,0,56,202,4,1
Lionel Andrés Messi Cuccittini,Argentina,34,9,371,1488,36,0
Lisandro Martínez,Argentina,1,0,154,448,0,3
Lovro Majer,Croatia,5,2,98,356,3,2
Lucas Tolentino Coelho de Lima,Brazil,4,1,202,647,3,2
Luis Alberto Suárez Díaz,Uruguay,2,0,40,179,2,0
Luis Gerardo Chávez Magallón,Mexico,10,1,144,446,3,4
Luka Modrić,Croatia,7,1,549,1690,10,17
Lukas Klostermann,Germany,0,0,47,128,0,1
Luke Shaw,England,3,0,402,1056,1,3
Manuel Neuer,Germany,0,0,123,325,0,0
Manuel Obafemi Akanji,Switzerland,4,1,255,724,1,4
Marcelo Brozović,Croatia,5,1,529,1642,8,10
Marco Asensio Willemsen,Spain,10,1,117,434,3,0
Marcos Aoás Corrêa,Brazil,2,0,359,1026,2,3
Marcos Javier Acuña,Argentina,2,0,217,689,5,3
Marcos Llorente Moreno,Spain,1,0,104,295,0,1
Marcus Rashford,England,11,3,67,279,10,1
Marcus Thuram,France,1,0,45,241,7,2
Mario Pašalić,Croatia,4,1,93,415,5,3
Mark Anthony Kaye,Canada,1,0,57,182,0,1
Marko Livaja,Croatia,7,1,57,317,4,1
Marten de Roon,Netherlands,0,0,122,368,0,1
Martin Hongla Yma II,Cameroon,1,0,64,204,2,3
Mason Mount,England,4,0,74,321,4,1
Mateo Kovačić,Croatia,3,0,456,1542,14,8
Matheus Luiz Nunes,Portugal,1,0,33,116,1,0
Mathew Leckie,Australia,1,1,103,513,14,2
Mathew Ryan,Australia,0,0,163,378,1,0
Mathias Jensen,Denmark,2,0,68,213,1,0
Mathías Olivera Miramontes,Uruguay,2,0,133,413,2,4
Matthew Charles Turner,United States,0,0,126,306,0,0
Matthijs de Ligt,Netherlands,0,0,45,133,0,1
Matty Cash,Poland,1,0,156,451,1,2
Mattéo Guendouzi Olié,France,0,0,32,98,1,0
Matías Nicolás Viña Susperreguy,Uruguay,0,0,20,52,1,0
Matías Vecino Falero,Uruguay,1,0,103,335,2,5
Maya Yoshida,Japan,1,0,227,653,3,9
Mehdi Taremi,Iran,6,2,82,396,5,2
Mehdi Torabi,Iran,2,0,37,139,2,3
Memphis Depay,Netherlands,10,1,127,543,13,1
Meshaal Aissa Barsham,Qatar,0,0,63,144,0,0
Michael Steveen Estrada Martínez,Ecuador,3,0,43,269,2,0
Michy Batshuayi Tunga,Belgium,6,1,23,169,1,0
Miki Yamane,Japan,0,0,33,77,1,1
Mikkel Damsgaard,Denmark,0,0,71,254,0,2
Milad Mohammadi,Iran,0,0,66,221,3,3
Milan Borjan,Canada,0,0,96,231,0,0
Milos Veljkovic,Serbia,0,0,112,325,0,0
Miloš Degenek,Australia,0,0,97,251,3,0
Min Jae Kim,South Korea,2,0,187,525,1,4
Mislav Oršić,Croatia,10,2,55,234,3,0
Mitchell Thomas Duke,Australia,7,1,68,346,2,2
Mohamed Dräger,Tunisia,4,0,51,177,4,3
Mohamed Salisu,Ghana,2,1,149,413,0,3
Mohammed Al Burayk,Saudi Arabia,2,0,48,149,1,1
Mohammed Kanoo,Saudi Arabia,6,0,145,492,8,2
Mohammed Khalil Al Owais,Saudi Arabia,0,0,98,197,0,0
Mohammed Kudus,Ghana,8,2,82,417,15,1
Mohammed Muntari,Qatar,3,1,19,95,0,0
Moisés Isaac Caicedo Corozo,Ecuador,3,1,154,475,1,2
Montassar Omar Talbi,Tunisia,1,0,133,408,1,3
Moon-Hwan Kim,South Korea,0,0,242,672,3,9
Morteza Pouraliganji,Iran,2,0,128,333,0,8
Munir Mohand Mohamedi,Morocco,0,0,27,53,0,0
Nader Ghandri,Tunisia,0,0,30,97,0,1
Nahuel Molina Lucero,Argentina,2,1,360,986,3,9
Nampalys Mendy,Senegal,2,0,162,483,3,1
Nathan Aké,Netherlands,0,0,352,1032,0,10
Nathaniel Atkinson,Australia,0,0,37,101,1,1
Nawaf Shaker Al Abid,Saudi Arabia,2,0,38,175,3,1
Nayef Aguerd,Morocco,1,0,154,432,0,4
Naïm Sliti,Tunisia,1,0,50,180,6,1
Neco Williams,Wales,3,0,97,328,7,4
Nemanja Gudelj,Serbia,0,0,55,162,0,1
Nemanja Maksimović,Serbia,0,0,57,184,0,2
Nemanja Radonjić,Serbia,2,0,23,92,2,0
Neymar da Silva Santos Junior,Brazil,12,2,156,608,21,0
Ngoran Suiru Fai Collins,Cameroon,1,0,152,380,0,7
Nicholas Williams Arthuer,Spain,0,0,62,298,13,1
Niclas Füllkrug,Germany,8,2,25,88,1,0
Nico Elvedi,Switzerland,1,0,141,415,0,3
Nico Schlotterbeck,Germany,0,0,123,337,2,2
Nicolas Alexis Julio N'Koulou Ndoubena,Cameroon,3,0,93,296,1,3
Nicolas Moumi Ngamaleu,Cameroon,0,0,24,138,3,1
Nicolás Alejandro Tagliafico,Argentina,3,0,182,550,3,4
Nicolás Hernán Otamendi,Argentina,1,0,565,1639,0,10
Niklas Süle,Germany,1,0,252,696,0,1
Nikola Milenković,Serbia,3,0,157,455,0,6
Nikola Vlašić,Croatia,7,2,55,290,4,0
Noah Okafor,Switzerland,1,0,21,102,0,0
Nouhou Tolo,Cameroon,0,0,106,308,2,9
Noussair Mazraoui,Morocco,4,0,121,414,2,1
Nuno Mendes,Portugal,0,0,34,96,2,1
Néstor Alejandro Araújo Razo,Mexico,0,0,56,144,0,2
Olivier Giroud,France,17,4,75,354,0,1
Orbelín Pineda Alvarado,Mexico,4,0,26,146,1,1
Osman Bukari,Ghana,3,1,21,100,2,1
Otávio Edmilson da Silva Monteiro,Portugal,3,0,131,427,2,0
Ousmane Dembélé,France,8,0,191,752,18,3
Pablo Martín Páez Gavira,Spain,1,1,153,605,7,0
Pape Abou Cissé,Senegal,0,0,38,121,1,1
Pape Gueye,Senegal,4,0,61,203,2,1
Pape Matar Sarr,Senegal,4,0,47,130,1,1
Pathé Ismaël Ciss,Senegal,1,0,60,211,2,1
Pau Francisco Torres,Spain,0,0,190,530,0,2
Pedro González López,Spain,0,0,426,1345,10,6
Pedro Guilherme Abreu dos Santos,Brazil,5,1,15,88,1,1
Pedro Miguel Correia,Qatar,2,0,115,350,3,6
Pervis Josué Estupiñán Tenorio,Ecuador,2,0,187,543,8,5
Phil Foden,England,5,1,57,201,2,0
Philip Foden,England,1,0,61,225,3,2
Piero Martín Hincapié Reyna,Ecuador,0,0,199,571,0,5
Pierre Kunde Malong,Cameroon,5,0,51,178,0,3
Pierre-Emile Højbjerg,Denmark,2,0,224,672,2,2
Piotr Zieliński,Poland,3,1,153,465,4,2
Przemysław Frankowski,Poland,1,0,73,290,1,3
Rafael Alexandre Conceição Leão,Portugal,5,2,45,196,7,1
Raheem Sterling,England,1,1,58,226,3,1
Ramin Rezaeian,Iran,2,1,105,309,3,5
Randal Kolo Muani,France,5,2,36,248,7,1
Raphael Dias Belloli,Brazil,8,0,150,580,11,2
Raphaël Adelino José Guerreiro,Portugal,3,1,191,498,1,2
Raphaël Varane,France,3,0,280,786,1,6
Rasmus Nissen Kristensen,Denmark,0,0,178,489,4,3
Raúl Alonso Jiménez Rodríguez,Mexico,0,0,32,87,0,1
Remo Freuler,Switzerland,3,1,149,512,4,6
Ricardo Iván Rodríguez Araya,Switzerland,0,0,227,585,1,1
Ricardo Jorge Luz Horta,Portugal,3,1,47,157,0,2
Richarlison de Andrade,Brazil,8,3,54,362,7,1
Richie Laryea,Canada,2,0,45,209,6,0
Riley McGree,Australia,3,0,73,345,1,6
Ritsu Doan,Japan,4,2,57,293,10,5
Robert Lewandowski,Poland,12,2,91,507,10,3
Robert Skov,Denmark,0,0,21,65,2,1
Rodrigo Bentancur Colmán,Uruguay,3,0,158,501,5,9
Rodrigo Hernández Cascante,Spain,1,0,679,1871,0,4
Rodrigo Javier De Paul,Argentina,7,0,563,1744,13,10
Rodrygo Silva de Goes,Brazil,7,0,112,427,8,3
Romain Saïss,Morocco,1,1,193,545,1,6
Romelu Lukaku Menama,Belgium,5,0,9,57,1,0
Ronald Alberto Matarrita Ulate,Costa Rica,0,0,29,78,0,0
Ruben Vargas,Switzerland,3,0,114,390,2,1
Rúben Diogo Da Silva Neves,Portugal,2,0,259,774,0,2
Rúben Santos Gato Alves Dias,Portugal,1,0,266,758,0,3
Saad Abdullah Al Sheeb,Qatar,0,0,21,57,0,0
Sadegh Moharrami,Iran,0,0,26,95,2,3
Saeid Ezatolahi Afagh,Iran,3,0,93,284,0,1
Saleh Khalid Al Shehri,Saudi Arabia,3,1,46,273,5,1
Salem Mohammed Al Dawsari,Saudi Arabia,7,2,117,451,7,0
Salis Abdul Samed,Ghana,1,0,142,497,5,7
Sam Adekugbe,Canada,0,0,72,210,1,0
Saman Ghoddos,Iran,1,0,21,71,0,0
Sami Khalil Al Naji,Saudi Arabia,0,0,21,70,0,0
Samuel Yves Oum Gwet,Cameroon,0,0,57,170,0,0
Sang-Ho Na,South Korea,1,0,38,186,6,0
Sardar Azmoun,Iran,5,0,32,123,0,0
Saud Abdullah Abdul Hamid,Saudi Arabia,1,0,119,380,4,4
Saša Lukić,Serbia,1,0,162,519,1,2
Sebastian Szymański,Poland,0,0,40,173,2,1
Sebastián Coates Nión,Uruguay,1,0,97,231,0,0
Selim Amallah,Morocco,2,0,88,508,10,11
Serge Gnabry,Germany,12,1,113,426,6,5
Sergej Milinković-Savić,Serbia,3,1,120,416,3,3
Sergino Dest,United States,6,0,201,684,8,3
Sergio Busquets i Burgos,Spain,3,0,290,784,2,4
Sergio Rochet Álvarez,Uruguay,0,0,76,181,0,0
Seung-Gyu Kim,South Korea,0,0,128,297,0,0
Seung-Ho Paik,South Korea,1,1,24,70,0,1
Seyed Hossein Hosseini,Iran,0,0,48,103,0,0
Seyed Majid Hosseini,Iran,0,0,108,321,1,4
Shaquell Moore,United States,0,0,21,66,0,0
Shogo Taniguchi,Japan,2,0,86,231,0,1
Shūichi Gonda,Japan,0,0,113,257,0,0
Silvan Widmer,Switzerland,1,0,164,471,0,4
Simon Thorup Kjær,Denmark,0,0,55,165,0,2
Sofiane Boufal,Morocco,7,0,134,696,20,2
Sofyan Amrabat,Morocco,1,0,323,1048,1,9
Stephen Antunes Eustáquio,Canada,3,0,93,301,2,3
Steve Mandanda,France,0,0,31,56,0,0
Steven Berghuis,Netherlands,6,0,128,394,5,0
Steven Bergwijn,Netherlands,2,0,71,290,4,0
Steven de Sousa Vitoria,Canada,0,0,183,515,0,4
Strahinja Pavlović,Serbia,2,1,152,472,2,2
Sultan Abdullah Salim Al Ghannam,Saudi Arabia,2,0,55,161,2,3
Tajon Buchanan,Canada,5,0,88,431,23,3
Takehiro Tomiyasu,Japan,0,0,98,253,0,4
Takuma Asano,Japan,9,2,29,203,1,2
Takumi Minamino,Japan,3,0,24,89,0,0
Tariq Lamptey,Ghana,1,0,33,121,2,2
Teun Koopmeiners,Netherlands,3,1,120,418,1,4
Theo Bernard François Hernández,France,5,1,332,998,6,7
Thiago Emiliano da Silva,Brazil,2,0,335,954,1,8
Thibaut Courtois,Belgium,0,0,122,301,1,0
Thilo Kehrer,Germany,0,0,28,104,0,2
Thomas Delaney,Denmark,0,0,31,103,0,0
Thomas Meunier,Belgium,3,0,142,412,2,6
Thomas Müller,Germany,3,0,72,285,0,1
Thomas Teye Partey,Ghana,2,0,181,558,5,3
Thorgan Hazard,Belgium,0,0,59,190,1,0
Tim Ream,United States,1,0,270,771,1,10
Timothy Castagne,Belgium,0,0,201,573,2,1
Timothy Weah,United States,5,1,109,419,4,0
Toby Alderweireld,Belgium,0,0,267,781,0,2
Trent Alexander-Arnold,England,0,0,23,64,0,1
Tyler Adams,United States,1,0,269,828,2,6
Unai Simón Mendibil,Spain,0,0,158,419,0,0
Vanja Milinković Savić,Serbia,0,0,127,308,0,0
Victor Nelsson,Denmark,0,0,72,200,0,1
Vincent Janssen,Netherlands,2,0,20,108,1,0
Vincent Paté Aboubakar,Cameroon,6,2,31,170,7,0
Vinícius José Paixão de Oliveira Júnior,Brazil,9,1,91,473,15,1
Virgil van Dijk,Netherlands,4,0,343,951,1,5
Vitor Machado Ferreira,Portugal,2,0,109,356,1,0
Wahbi Khazri,Tunisia,5,1,20,110,1,0
Wajdi Kechrida,Tunisia,0,0,66,168,1,1
Walker Zimmerman,United States,1,0,233,669,0,5
Wataru Endo,Japan,6,0,187,633,3,4
Wayne Hennessey,Wales,0,0,66,168,0,0
Weston McKennie,United States,5,0,146,501,2,1
William Saliba,France,0,0,37,103,1,0
William Silva de Carvalho,Portugal,1,0,165,514,1,2
Wojciech Szczęsny,Poland,0,0,146,317,1,0
Woo-Young Jung,South Korea,1,0,208,622,0,6
Wout Weghorst,Netherlands,3,3,16,92,0,0
Xherdan Shaqiri,Switzerland,4,1,104,356,2,1
Yahia Attiyat allah,Morocco,2,0,138,418,2,1
Yann Sommer,Switzerland,0,0,117,315,0,0
Yannick Ferreira Carrasco,Belgium,4,0,46,185,2,1
Yasir Gharsan Al Shahrani,Saudi Arabia,0,0,26,82,1,8
Yassine Bounou,Morocco,0,0,210,473,0,0
Yassine Meriah,Tunisia,1,0,168,508,2,1
Yeltsin Ignacio Tejeda Valverde,Costa Rica,2,1,98,319,0,4
Young-Gwon Kim,South Korea,2,1,210,582,0,5
Youri Tielemans,Belgium,0,0,61,193,1,3
Youssef En-Nesyri,Morocco,11,2,76,465,9,0
Youssef Msakni,Tunisia,9,0,70,284,5,1
Youssouf Fofana,France,4,0,112,401,2,3
Youssouf Sabaly,Senegal,2,0,222,686,4,4
Yuki Soma,Japan,3,0,20,86,2,0
Yunus Dimoara Musah,United States,4,0,182,661,7,4
Yuto Nagatomo,Japan,0,0,108,305,4,3
Zakaria Aboukhlal,Morocco,3,1,13,84,2,1
Álvaro Borja Morata Martín,Spain,8,3,40,202,2,0
Ángel Fabián Di María Hernández,Argentina,7,1,164,631,29,2
Éder Gabriel Militão,Brazil,5,0,277,821,0,2
Érick Gabriel Gutiérrez Galaviz,Mexico,0,0,30,100,1,2
Óscar Esau Duarte Gaitán,Costa Rica,0,0,97,279,0,4
İlkay Gündoğan,Germany,6,1,163,501,4,1
